<?xml version="1.0" encoding="UTF-8"?>
<beans xmlns="http://www.springframework.org/schema/beans"
	xmlns:xsi="http://www.w3.org/2001/XMLSchema-instance"
	xmlns:context="http://www.springframework.org/schema/context"
	xmlns:mybatis-spring="http://mybatis.org/schema/mybatis-spring"
	xsi:schemaLocation="http://mybatis.org/schema/mybatis-spring http://mybatis.org/schema/mybatis-spring-1.2.xsd
		http://www.springframework.org/schema/beans https://www.springframework.org/schema/beans/spring-beans.xsd
		http://www.springframework.org/schema/context http://www.springframework.org/schema/context/spring-context-4.3.xsd">

	<!-- Root Context: defines shared resources visible to all other web components -->
	<bean id="hikariConfig" class="com.zaxxer.hikari.HikariConfig">
		<property name="driverClassName"
			value="oracle.jdbc.driver.OracleDriver"></property>
		<property name="jdbcUrl"
			value="jdbc:oracle:thin:@localhost:1521:orcl"></property>
		<property name="username" value="system"></property>
		<property name="password" value="1234"></property>
	</bean>
	<!-- HikariCp configuration -->
	<bean id="dsHikariCP" class="com.zaxxer.hikari.HikariDataSource"
		destroy-method="close">
		<constructor-arg ref="hikariConfig" />
	</bean>
	<!-- SqlSessionFactory -->
	<bean id="sqlSessionFactory"
		class="org.mybatis.spring.SqlSessionFactoryBean">
		<property name="dataSource" ref="dsHikariCP"></property>

	</bean>
	<context:component-scan
		base-package="www.dream.com.party.service" />
	<!-- ↑ serivce Class를 만들면서 같이 만들어 줘야함. -->
	<context:component-scan
		base-package="www.dream.com.bulletinBoard.service" />
	<!-- ↑ serivce Class를 만들때 같이 만들어 줘야함. -->
	
	<mybatis-spring:scan
		base-package="www.dream.com.party.persistence" />
	<mybatis-spring:scan
		base-package="www.dream.com.common.persistence" />
	<mybatis-spring:scan
		base-package="www.dream.com.bulletinBoard.persistence" />
		
		
	<mybatis-spring:scan
		base-package="www.dream.com.selectKey.persistence" />

</beans>
